Record ID,Date,Country,City,Temperature (Â°C),Humidity (%),Precipitation (mm),Air Quality Index (AQI),Extreme Weather Events,Climate Classification,Climate_Zone,Biome_Type,Heat_Index,Wind_Speed,Wind_Direction,Season,Population_Exposure,Economic_Impact_Estimate,Infrastructure_Vulnerability_Score
AZ_0001,4/5/2024,Azerbaijan,Baku,NA,71,0,99,None,BSk,Semi-arid,Urban,6.1,5.3,129,Spring,280358,0,44
AZ_0002,5/5/2024,Azerbaijan,Ganja,5.1,69,0,86,None,BSk,Mediterranean,Steppe,5.1,8.4,50,Spring,40987,0,43
AZ_0003,6/5/2024,Azerbaijan,Sumqayit,12.0,75,0,79,None,BSk,Semi-arid,Steppe,12.0,2.6,193,Spring,21131,0,41
AZ_0004,7/5/2024,Azerbaijan,Baku,6.9,90,,92,None,BSk,Semi-arid,Shrubland,6.9,12.9,86,Spring,297808,0,52
AZ_0005,8/5/2024,Azerbaijan,Ganja,10.9,78,3.8,74,None,,NA,Shrubland,10.9,12.5,309,Spring,25933,0,44
AZ_0006,9/5/2024,Azerbaijan,Sumqayit,6.6,61,0,108,None,Csa,Mediterranean,Shrubland,6.6,12.7,280,Spring,38668,0,35
AZ_0007,10/5/2024,Azerbaijan,Baku,6.1,72,0.7,113,None,BSk,Mediterranean,Shrubland,6.1,2.2,42,Spring,332789,0,39
AZ_0008,11/5/2024,Azerbaijan,Ganja,5.5,76,0,102,None,Csa,Semi-arid,Shrubland,5.5,9.8,NA,Spring,30442,0,46
AZ_0009,12/5/2024,Azerbaijan,Sumqayit,9.8,94,0,128,None,Csa,Semi-arid,Shrubland,9.8,8.6,213,Spring,35476,0,64
AZ_0010,13/5/2024,Azerbaijan,Baku,12.7,51,,81,None,Csa,NA,Steppe,12.7,NA,288,Spring,155764,0,56
AZ_0011,14/5/2024,Azerbaijan,Ganja,8.9,52,2.3,100,None,Csa,Mediterranean,Shrubland,8.9,9.8,58,Spring,33019,0,46
AZ_0012,15/5/2024,Azerbaijan,Sumqayit,5.9,92,0,122,None,Csa,Semi-arid,Steppe,5.9,14.9,339,Spring,32323,26165,35
AZ_0013,16/5/2024,Azerbaijan,Baku,13.8,83,2.3,93,None,BSk,Mediterranean,Steppe,13.8,8.0,92,Spring,186441,0,65
AZ_0014,17/5/2024,Azerbaijan,Ganja,11.2,57,4.1,79,None,Csa,Semi-arid,,11.2,5.2,26,Spring,"45,045",0,41
AZ_0015,18/5/2024,Azerbaijan,Sumqayit,12.2,67,22.0,78,None,Csa,Mediterranean,Urban,12.2,9.8,NA,Spring,NA,0,42
AZ_0016,19/5/2024,Azerbaijan,Baku,13.0,60,0,92,None,Csa,Mediterranean,Urban,13.0,14.8,99,Spring,335734,36626,60
AZ_0017,20/5/2024,Azerbaijan,Ganja,11.5,41,0,98,None,Csa,Mediterranean,Shrubland,11.5,8.1,188,Spring,28002,0,43
AZ_0018,21/5/2024,Azerbaijan,Sumqayit,6.3,80,0,,None,BSk,Semi-arid,Shrubland,6.3,14.6,80,Spring,33854,0,63
AZ_0019,22/5/2024,Azerbaijan,Baku,8.1,77,54.3,109,None,Csa,Mediterranean,Steppe,8.1,5.7,96,Spring,223049,0,47
AZ_0020,23/5/2024,Azerbaijan,Ganja,5.3,39,0,74,None,BSk,Mediterranean,Shrubland,5.3,3.3,187,Spring,40498,0,53
AZ_0021,24/5/2024,Azerbaijan,Sumqayit,8.7,74,0,73,Flood,Csa,Semi-arid,Steppe,8.7,7.9,160,Spring,"61,594","1,797,699",39
AZ_0022,25/5/2024,Azerbaijan,Baku,12.0,79,,93,Flood,BSk,Mediterranean,NA,12.0,3.2,,Spring,524584,3452286,82
AZ_0023,26/5/2024,Azerbaijan,Ganja,10.0,73,0,103,None,BSk,Semi-arid,Shrubland,10.0,2.8,64,Spring,23502,0,43
AZ_0024,27/5/2024,Azerbaijan,Sumqayit,11.9,95,3.8,86,None,BSk,Semi-arid,Shrubland,11.9,2.3,248,Spring,30362,0,47
AZ_0025,28/5/2024,Azerbaijan,Baku,7.5,67,0,87,None,BSk,Semi-arid,Steppe,7.5,8.2,134,Spring,221043,0,45
AZ_0026,29/5/2024,Azerbaijan,Ganja,11.0,68,3.0,98,None,Csa,Mediterranean,Steppe,11.0,7.8,23,Spring,38844,0,55
AZ_0027,30/5/2024,Azerbaijan,Sumqayit,15.0,73,0,130,None,BSk,Semi-arid,Steppe,15.0,8.3,110,Spring,"39,187",0,54
AZ_0028,31/5/2024,Azerbaijan,Baku,13.8,59,0,90,Storm,BSk,Mediterranean,Shrubland,13.8,17.1,346,Spring,335172,1954598,55
AZ_0029,1/6/2024,Azerbaijan,Ganja,30.5,67,0,106,Storm,Csa,Semi-arid,Steppe,35.5,18.1,55,Summer,79378,441758,81
AZ_0030,2/6/2024,Azerbaijan,Sumqayit,27.8,76,0,124,None,BSk,Mediterranean,Urban,31.1,4.0,119,Summer,36583,10342,61
AZ_0031,3/6/2024,Azerbaijan,Baku,32.4,62,0,100,Drought,Csa,Semi-arid,Steppe,,4.7,75,Summer,"611,931",NA,91
AZ_0032,4/6/2024,Azerbaijan,Ganja,31.3,85,0,61,None,BSk,Mediterranean,Shrubland,43.8,5.0,89,Summer,46191,0,60
AZ_0033,5/6/2024,Azerbaijan,Sumqayit,29.7,57,0,85,None,BSk,Mediterranean,Steppe,31.7,9.3,183,Summer,26876,0,45
AZ_0034,6/6/2024,Azerbaijan,Baku,34.8,69,0,80,None,BSk,Semi-arid,Shrubland,49.1,2.3,85,Summer,333472,0,41
AZ_0035,7/6/2024,Azerbaijan,Ganja,34.8,74,24.0,80,None,BSk,Mediterranean,Steppe,51.9,7.4,32,Summer,35946,0,50
AZ_0036,8/6/2024,Azerbaijan,Sumqayit,31.6,99,9.7,127,None,Csa,Semi-arid,Urban,51.5,7.0,129,Summer,24546,21221,47
AZ_0037,9/6/2024,Azerbaijan,Baku,33.5,91,0,94,Heatwave,BSk,Semi-arid,Shrubland,55,,253,Summer,278197,96388,64
AZ_0038,10/6/2024,Azerbaijan,Ganja,33.2,76,0,53,None,BSk,Mediterranean,Steppe,46.9,8.2,109,Summer,28240,0,58
AZ_0039,11/6/2024,Azerbaijan,Sumqayit,33.9,62,0,96,None,BSk,Mediterranean,Steppe,42.7,9.4,257,Summer,37759,0,64
AZ_0040,12/6/2024,Azerbaijan,Baku,27.1,64,7.3,108,None,Csa,Mediterranean,Shrubland,28.5,10.6,227,Summer,320383,0,39
AZ_0041,13/6/2024,Azerbaijan,Ganja,25.5,53,2.0,56,None,Csa,Mediterranean,Steppe,25.5,12.4,360,Summer,37684,0,58
AZ_0042,14/6/2024,Azerbaijan,Sumqayit,30.0,83,0,94,None,Csa,Semi-arid,Shrubland,38.5,13.8,280,Summer,47541,13291,36
AZ_0043,15/6/2024,Azerbaijan,Baku,25.8,53,0,87,None,Csa,Mediterranean,Shrubland,25.8,5.6,222,Summer,176753,0,53
AZ_0044,2024-06-16,Azerbaijan,Ganja,29.3,54,0,NA,None,Csa,Mediterranean,Shrubland,30.6,10.6,34,Summer,41741,0,45
AZ_0045,17/6/2024,Azerbaijan,Sumqayit,29.0,66,22.1,115,None,Csa,Semi-arid,Urban,32.0,12.2,267,Summer,39850,0,40
AZ_0046,18/6/2024,Azerbaijan,Baku,30.0,65,23.9,90,None,Csa,Mediterranean,Shrubland,33.9,6.8,133,Summer,159377,0,47
AZ_0047,19/6/2024,Azerbaijan,Ganja,27.2,74,5.0,54,None,Csa,Mediterranean,Steppe,29.6,10.7,81,Summer,21343,0,46
AZ_0048,20/6/2024,Azerbaijan,Sumqayit,28.9,79,24.1,109,None,BSk,Semi-arid,Shrubland,34.3,10.0,344,Summer,NA,0,47
AZ_0049,21/6/2024,Azerbaijan,Baku,33.8,82,4.9,99,None,BSk,Mediterranean,Shrubland,52.5,6.3,10,Summer,237899,0,36
AZ_0050,22/6/2024,Azerbaijan,Ganja,34.7,65,18.3,104,Drought,Csa,Mediterranean,Shrubland,46.6,12.7,164,Summer,72522,218782,51
AZ_0051,23/6/2024,Azerbaijan,Sumqayit,26.6,80,6.5,106,None,Csa,Mediterranean,Urban,26.6,8.5,265,Summer,45926,0,39
AZ_0052,24/6/2024,Azerbaijan,Baku,27.9,80,0,88,Heatwave,BSk,Mediterranean,Urban,31.9,10.2,253,Summer,302255,74234,93
AZ_0053,25/6/2024,Azerbaijan,Ganja,30.7,82,0,49,,Csa,Mediterranean,Steppe,40.6,6.6,226,Summer,43509,0,46
AZ_0054,26/6/2024,Azerbaijan,Sumqayit,33.0,92,0,91,None,Csa,Semi-arid,Shrubland,54.7,5.4,209,Summer,50261,0,38
AZ_0055,27/6/2024,Azerbaijan,Baku,27.3,56,NA,120,None,BSk,,Urban,28.1,9.9,,Summer,245027,47905,62
AZ_0056,28/6/2024,Azerbaijan,Ganja,25.8,64,8.8,70,Storm,Csa,Mediterranean,Steppe,25.8,19.4,,Summer,56769,392697,53
AZ_0057,29/6/2024,Azerbaijan,Sumqayit,31.5,93,0,130,None,Csa,Mediterranean,Urban,48.1,10.6,238,Summer,"48,740","35,847",NA
AZ_0058,30/6/2024,Azerbaijan,Baku,32.6,75,4.3,86,None,BSk,Semi-arid,Shrubland,44.3,6.0,62,Summer,270516,0,55
AZ_0059,1/7/2024,Azerbaijan,Ganja,26.0,40,0,83,None,Csa,Semi-arid,Urban,26.0,9.8,161,Summer,18478,0,50
AZ_0060,2/7/2024,Azerbaijan,Sumqayit,30.9,88,,NA,Storm,,Mediterranean,Urban,43.5,18.4,350,Summer,59103,0,61
AZ_0061,3/7/2024,Azerbaijan,Baku,31.3,85,,120,None,Csa,Semi-arid,Steppe,,10.6,178,Summer,205497,29337,53
AZ_0062,4/7/2024,Azerbaijan,Ganja,31.5,39,0,55,None,Csa,Semi-arid,Urban,31.4,14.2,211,Summer,"38,909",0,47
AZ_0063,5/7/2024,Azerbaijan,Sumqayit,25.9,75,0,91,None,Csa,Mediterranean,Shrubland,25.9,5.3,13,Summer,46234,0,60
AZ_0064,6/7/2024,Azerbaijan,Baku,26.0,72,0,111,None,BSk,Mediterranean,Urban,26.0,14.6,123,Summer,304425,0,54
AZ_0065,7/7/2024,Azerbaijan,Ganja,26.9,66,0,76,None,Csa,Semi-arid,Steppe,26.9,7.0,293,Summer,35468,8233,53
AZ_0066,8/7/2024,Azerbaijan,Sumqayit,32.9,92,0,104,None,Csa,Semi-arid,Urban,54.2,9.0,98,Summer,38648,0,35
AZ_0067,9/7/2024,Azerbaijan,Baku,34.1,88,0,82,NA,BSk,Mediterranean,Steppe,55,11.0,3,Summer,283700,0,52
AZ_0068,10/7/2024,Azerbaijan,Ganja,35.0,63,0,86,None,Csa,Semi-arid,Shrubland,46.5,7.1,87,Summer,39726,0,61
AZ_0069,11/7/2024,Azerbaijan,Sumqayit,32.6,76,0,121,Heatwave,BSk,Mediterranean,Shrubland,44.8,4.7,350,Summer,105200,85184,85
AZ_0070,12/7/2024,Azerbaijan,Baku,29.0,62,8.4,110,None,Csa,Mediterranean,Urban,31.3,12.0,316,Summer,327103,0,41
AZ_0071,13/7/2024,Azerbaijan,Ganja,29.7,57,0,100,NA,BSk,Semi-arid,Steppe,31.7,3.5,130,Summer,19853,0,64
AZ_0072,14/7/2024,Azerbaijan,Sumqayit,27.2,75,0,92,None,Csa,Mediterranean,Shrubland,29.7,6.6,336,Summer,28693,10504,35
AZ_0073,15/7/2024,Azerbaijan,Baku,26.8,57,5.4,102,None,BSk,Semi-arid,NA,26.8,9.2,202,Summer,189618,42136,60
AZ_0074,16/7/2024,Azerbaijan,Ganja,31.8,58,0,80,None,BSk,Mediterranean,Steppe,36.0,6.8,234,Summer,38814,22566,52
AZ_0075,17/7/2024,Azerbaijan,Sumqayit,32.5,65,0,110,None,Csa,NA,Shrubland,40.0,7.8,94,Summer,17318,0,58
AZ_0076,18/7/2024,Azerbaijan,Baku,27.5,67,1.5,80,None,Csa,Mediterranean,Steppe,29.4,14.7,301,Summer,299522,0,58
AZ_0077,19/7/2024,Azerbaijan,Ganja,32.6,67,0,86,Drought,BSk,Mediterranean,Urban,41.0,5.0,348,,80058,0,52
AZ_0078,20/7/2024,Azerbaijan,Sumqayit,26.4,69,4.7,83,None,Csa,Mediterranean,NA,26.4,4.7,90,Summer,34550,,NA
AZ_0079,21/7/2024,Azerbaijan,Baku,33.1,66,4.0,82,None,Csa,Mediterranean,Steppe,42.1,4.9,293,Summer,274757,0,48
AZ_0080,22/7/2024,Azerbaijan,Ganja,27.7,39,16.5,48,None,Csa,Mediterranean,Urban,27.3,7.6,69,Summer,,0,58
AZ_0080,22/7/2024,Azerbaijan,Ganja,27.7,39,16.5,48,None,Csa,Mediterranean,Urban,27.3,7.6,69,Summer,,0,58
AZ_0081,23/7/2024,Azerbaijan,Sumqayit,35.0,92,0,77,None,BSk,Mediterranean,Urban,55,10.4,216,Summer,31556,0,49
AZ_0082,24/7/2024,Azerbaijan,Baku,30.7,70,0,92,None,Csa,Semi-arid,Urban,36.8,13.9,250,Summer,192974,0,65
AZ_0083,25/7/2024,Azerbaijan,Ganja,28.7,85,6.2,73,None,Csa,Semi-arid,Shrubland,34.9,8.0,109,Summer,16760,0,64
AZ_0084,26/7/2024,Azerbaijan,Sumqayit,34.7,89,6.7,114,None,Csa,Mediterranean,Urban,55,13.6,57,Summer,48168,23688,61
AZ_0085,2024-07-27,Azerbaijan,Baku,26.4,85,0,74,Drought,Csa,Mediterranean,Shrubland,26.4,9.2,30,Summer,274375,404691,79
AZ_0086,28/7/2024,Azerbaijan,Ganja,26.9,85,0,84,None,BSk,Mediterranean,Shrubland,26.9,2.0,155,Summer,18162,0,35
AZ_0087,29/7/2024,Azerbaijan,Sumqayit,26.9,87,0,85,None,NA,NA,Urban,26.9,12.4,13,Summer,22806,0,57
AZ_0088,30/7/2024,Azerbaijan,Baku,33.9,53,1.7,103,None,Csa,Semi-arid,Urban,39.2,7.0,17,Summer,164827,40006,60
AZ_0089,31/7/2024,Azerbaijan,Ganja,30.3,66,2.3,81,None,BSk,Mediterranean,Steppe,34.8,13.6,62,Summer,40210,0,64
AZ_0090,1/8/2024,Azerbaijan,Sumqayit,32.5,72,0,118,None,Csa,Mediterranean,Shrubland,42.7,13.7,117,Summer,40415,0,56
AZ_0091,2/8/2024,Azerbaijan,Baku,32.2,52,0,125,None,Csa,Semi-arid,Steppe,35.2,4.0,43,Summer,200412,0,41
AZ_0091,2/8/2024,Azerbaijan,Baku,32.2,52,0,125,None,Csa,Semi-arid,Steppe,35.2,4.0,43,Summer,200412,0,41
AZ_0092,3/8/2024,Azerbaijan,Ganja,,42,0,78,,Csa,Semi-arid,Shrubland,27.3,8.5,65,Summer,18755,0,NA
AZ_0093,4/8/2024,Azerbaijan,Sumqayit,28.7,80,0,114,None,,Mediterranean,Steppe,33.9,14.2,259,Summer,24676,0,65
AZ_0094,5/8/2024,Azerbaijan,Baku,33.6,60,0,84,None,Csa,Semi-arid,Urban,41.1,7.1,190,Summer,212632,0,35
AZ_0095,6/8/2024,Azerbaijan,Ganja,27.6,76,26.3,88,Storm,Csa,Mediterranean,Shrubland,30.6,29.7,11,Summer,114090,1928358,69
AZ_0096,7/8/2024,Azerbaijan,Sumqayit,32.2,91,3.3,106,None,BSk,Semi-arid,Steppe,50.4,12.4,172,Summer,31246,0,52
AZ_0097,8/8/2024,Azerbaijan,Baku,30.2,72,2.0,114,None,BSk,Semi-arid,Steppe,36.0,13.8,48,Summer,280769,0,40
AZ_0098,9/8/2024,Azerbaijan,Ganja,35.1,76,2.5,49,None,NA,Semi-arid,Urban,54.4,10.3,333,Summer,37493,0,53
AZ_0099,10/8/2024,Azerbaijan,Sumqayit,28.5,72,0,86,NA,Csa,Semi-arid,,32.0,9.8,174,Summer,,0,35
AZ_0100,11/8/2024,Azerbaijan,Baku,33.1,90,0,97,None,BSk,Mediterranean,Steppe,54.0,8.3,314,Summer,280945,0,49
AZ_0101,12/8/2024,Azerbaijan,Ganja,28.2,38,0,,None,BSk,Mediterranean,Shrubland,27.7,5.1,285,Summer,26779,36108,55
AZ_0102,13/8/2024,Azerbaijan,Sumqayit,31.1,100,0,119,None,BSk,Semi-arid,Shrubland,49.5,8.7,208,Summer,33080,0,47
AZ_0103,14/8/2024,Azerbaijan,Baku,,95,25.0,,None,Csa,NA,Shrubland,55,10.6,284,Summer,282144,0,47
AZ_0104,15/8/2024,Azerbaijan,Ganja,29.7,81,2.4,51,None,BSk,Mediterranean,Urban,37.0,13.5,77,Summer,29872,0,63
AZ_0105,16/8/2024,Azerbaijan,Sumqayit,29.1,58,34.8,105,None,Csa,Semi-arid,Urban,30.9,14.9,352,Summer,41094,0,47
AZ_0106,17/8/2024,Azerbaijan,Baku,26.4,57,0,122,Storm,Csa,Mediterranean,Steppe,26.4,29.9,46,Summer,700886,102882,52
AZ_0107,18/8/2024,Azerbaijan,Ganja,27.1,36,1.1,70,None,BSk,Mediterranean,Shrubland,26.7,4.2,271,Summer,23937,0,42
AZ_0108,19/8/2024,Azerbaijan,Sumqayit,35.3,91,6.5,86,Heatwave,BSk,Semi-arid,Shrubland,55,4.6,263,Summer,79484,796733,63
AZ_0109,20/8/2024,Azerbaijan,Baku,32.2,77,2.8,83,None,Csa,Semi-arid,Shrubland,43.8,14.1,83,Summer,244622,0,57
AZ_0110,21/8/2024,Azerbaijan,Ganja,25.9,58,0,62,None,BSk,Semi-arid,Steppe,25.9,3.4,358,Summer,29360,0,56
AZ_0111,22/8/2024,Azerbaijan,Sumqayit,26.0,72,NA,,None,Csa,Semi-arid,Shrubland,26.0,14.2,NA,Summer,35011,0,41
AZ_0112,23/8/2024,Azerbaijan,Baku,34.7,63,0,85,Heatwave,Csa,Semi-arid,Steppe,45.6,11.4,307,Summer,332206,0,54
AZ_0113,24/8/2024,Azerbaijan,Ganja,25.4,57,1.5,89,None,BSk,Semi-arid,Urban,25.4,14.4,175,Summer,47082,0,64
AZ_0114,25/8/2024,Azerbaijan,Sumqayit,30.7,74,0,126,None,Csa,Mediterranean,Shrubland,38.0,14.3,298,Summer,25640,27807,44
AZ_0115,26/8/2024,Azerbaijan,Baku,31.5,58,0,100,None,BSk,Semi-arid,Urban,35.4,3.1,86,Summer,273067,0,46
AZ_0116,27/8/2024,Azerbaijan,Ganja,32.0,84,1.7,51,None,Csa,Semi-arid,Urban,46.1,6.7,122,Summer,20592,0,41
AZ_0116,27/8/2024,Azerbaijan,Ganja,32.0,84,1.7,51,None,Csa,Semi-arid,Urban,46.1,6.7,122,Summer,20592,0,41
AZ_0117,28/8/2024,Azerbaijan,Sumqayit,NA,77,0,90,Wildfire,BSk,Semi-arid,Urban,30.5,6.6,303,Summer,71512,485414,
AZ_0117,28/8/2024,Azerbaijan,Sumqayit,NA,77,0,90,Wildfire,BSk,Semi-arid,Urban,30.5,6.6,303,Summer,71512,485414,
AZ_0118,29/8/2024,Azerbaijan,Baku,33.7,98,0,104,None,Csa,Semi-arid,Shrubland,55,12.1,244,Summer,236064,0,39
AZ_0119,30/8/2024,Azerbaijan,Ganja,30.5,38,NA,91,,,Mediterranean,Shrubland,30.0,9.1,40,Summer,38920,0,38
AZ_0120,31/8/2024,Azerbaijan,Sumqayit,31.2,98,0,78,Drought,BSk,Mediterranean,Shrubland,49.1,11.2,214,Summer,148124,893473,81
AZ_0121,1/9/2024,Azerbaijan,Baku,12.6,72,5.3,91,None,Csa,Mediterranean,Urban,12.6,NA,149,Autumn,213542,0,57
AZ_0122,2/9/2024,Azerbaijan,Ganja,14.7,45,NA,,None,BSk,Mediterranean,Urban,NA,9.5,136,Autumn,35370,30225,35
AZ_0123,3/9/2024,Azerbaijan,Sumqayit,18.6,100,40.5,131,Storm,Csa,Mediterranean,Shrubland,18.6,34.4,33,Autumn,56708,3495646,78
AZ_0124,4/9/2024,Azerbaijan,Baku,11.8,64,0,128,None,BSk,Semi-arid,Steppe,11.8,9.5,310,Autumn,307625,0,63
AZ_0125,5/9/2024,Azerbaijan,Ganja,16.6,57,0,107,None,,,Steppe,16.6,14.1,177,Autumn,,0,49
AZ_0126,6/9/2024,Azerbaijan,Sumqayit,14.3,68,3.2,96,Flood,Csa,Semi-arid,Shrubland,14.3,,345,Autumn,44037,0,65
AZ_0127,7/9/2024,Azerbaijan,Baku,17.9,73,0,92,None,Csa,Semi-arid,Steppe,17.9,9.7,65,Autumn,147136,0,58
AZ_0128,8/9/2024,Azerbaijan,Ganja,13.4,55,2.1,93,None,Csa,Mediterranean,Shrubland,13.4,10.0,305,Autumn,"43,621",0,53
AZ_0128,8/9/2024,Azerbaijan,Ganja,13.4,55,2.1,93,None,Csa,Mediterranean,Shrubland,13.4,10.0,305,Autumn,"43,621",0,53
AZ_0129,9/9/2024,Azerbaijan,Sumqayit,,50,0,105,None,Csa,NA,Steppe,,6.8,38,Autumn,29646,0,36
AZ_0130,10/9/2024,Azerbaijan,Baku,12.0,65,0,106,None,BSk,Mediterranean,Shrubland,12.0,4.7,134,Autumn,117983,0,47
AZ_0131,11/9/2024,Azerbaijan,Ganja,20.3,62,0,89,None,BSk,Semi-arid,Urban,20.3,11.8,342,Autumn,33155,0,35
AZ_0132,12/9/2024,Azerbaijan,Sumqayit,14.4,97,0,118,NA,BSk,Mediterranean,Urban,14.4,14.3,NA,Autumn,31346,0,62
AZ_0133,13/9/2024,Azerbaijan,Baku,15.0,80,6.1,81,None,Csa,Semi-arid,Urban,15.0,7.5,17,Autumn,283761,22307,65
AZ_0134,14/9/2024,Azerbaijan,Ganja,19.0,78,0,62,None,BSk,Mediterranean,Steppe,19.0,12.2,168,Autumn,23764,0,39
AZ_0135,15/9/2024,Azerbaijan,Sumqayit,10.8,75,0,84,None,Csa,Semi-arid,Urban,10.8,2.9,305,Autumn,31439,0,51
AZ_0136,16/9/2024,Azerbaijan,Baku,13.5,,5.9,105,None,BSk,Mediterranean,Steppe,13.5,11.0,271,Autumn,NA,0,51
AZ_0137,17/9/2024,Azerbaijan,Ganja,20.2,70,3.6,56,None,Csa,Mediterranean,Urban,20.2,4.8,57,Autumn,17933,0,51
AZ_0138,18/9/2024,Azerbaijan,Sumqayit,12.1,62,NA,116,NA,BSk,Semi-arid,,12.1,9.4,22,Autumn,"19,718",0,40
AZ_0139,19/9/2024,Azerbaijan,Baku,16.8,86,0,93,None,Csa,Mediterranean,Steppe,16.8,5.6,175,Autumn,337618,0,61
AZ_0140,20/9/2024,Azerbaijan,Ganja,12.2,78,0,65,Flood,BSk,Mediterranean,Shrubland,12.2,14.2,76,Autumn,"33,015","631,285",70
AZ_0141,21/9/2024,Azerbaijan,Sumqayit,12.0,54,3.5,119,None,Csa,Mediterranean,Shrubland,12.0,8.2,116,Autumn,25196,0,49
AZ_0142,22/9/2024,Azerbaijan,Baku,14.3,91,0,109,None,BSk,Mediterranean,Urban,14.3,12.7,31,Autumn,213424,0,39
AZ_0143,23/9/2024,Azerbaijan,Ganja,12.3,61,1.4,64,None,Csa,Semi-arid,Shrubland,12.3,8.0,257,Autumn,43983,13323,36
AZ_0144,2024-09-24,Azerbaijan,Sumqayit,18.2,86,0,113,None,BSk,Semi-arid,Urban,18.2,11.1,165,Autumn,23939,0,49
AZ_0145,25/9/2024,Azerbaijan,Baku,18.0,63,0,117,None,Csa,Mediterranean,Urban,18.0,13.3,11,Autumn,292426,26750,60
AZ_0146,26/9/2024,Azerbaijan,Ganja,12.5,68,0,74,None,Csa,Mediterranean,Shrubland,12.5,11.1,75,Autumn,44129,0,38
AZ_0147,27/9/2024,Azerbaijan,Sumqayit,11.5,82,0,116,Storm,Csa,Semi-arid,Urban,11.5,31.4,165,Autumn,85026,316352,73
AZ_0148,28/9/2024,Azerbaijan,Baku,20.3,66,0,130,None,Csa,Semi-arid,Steppe,20.3,6.9,170,Autumn,236329,0,35
AZ_0149,29/9/2024,Azerbaijan,Ganja,19.8,,3.6,84,None,BSk,Semi-arid,NA,19.8,13.3,293,NA,49260,0,36
AZ_0149,29/9/2024,Azerbaijan,Ganja,19.8,,3.6,84,None,BSk,Semi-arid,NA,19.8,13.3,293,NA,49260,0,36
AZ_0150,30/9/2024,Azerbaijan,Sumqayit,12.3,88,6.1,128,None,BSk,Mediterranean,Steppe,12.3,10.5,139,Autumn,18790,0,55
AZ_0151,1/10/2024,Azerbaijan,Baku,13.6,60,0,102,Flood,BSk,Mediterranean,Steppe,13.6,4.6,151,Autumn,533557,0,76
AZ_0152,2/10/2024,Azerbaijan,Ganja,12.7,70,0,60,None,BSk,Mediterranean,Steppe,12.7,13.2,192,Autumn,29413,0,48
AZ_0153,3/10/2024,Azerbaijan,Sumqayit,17.6,73,4.2,106,None,Csa,Mediterranean,Urban,17.6,9.7,150,Autumn,40858,23715,52
AZ_0153,3/10/2024,Azerbaijan,Sumqayit,17.6,73,4.2,106,None,Csa,Mediterranean,Urban,17.6,9.7,150,Autumn,40858,23715,52
AZ_0154,2024-10-04,Azerbaijan,Baku,11.8,52,3.0,122,None,BSk,Semi-arid,Urban,11.8,5.6,79,Autumn,312236,9324,43
AZ_0155,5/10/2024,Azerbaijan,Ganja,14.9,61,0,74,None,BSk,Semi-arid,Steppe,14.9,8.1,9,Autumn,48136,0,39
AZ_0156,6/10/2024,Azerbaijan,Sumqayit,12.5,69,1.7,135,None,Csa,Mediterranean,Urban,12.5,4.2,192,Autumn,"41,995","15,434",36
AZ_0157,7/10/2024,Azerbaijan,Baku,15.6,90,0,75,None,Csa,Semi-arid,Shrubland,15.6,6.6,171,Autumn,229028,0,38
AZ_0158,8/10/2024,Azerbaijan,Ganja,16.1,41,0,109,None,Csa,Semi-arid,Steppe,16.1,13.2,123,Autumn,49979,0,57
AZ_0159,9/10/2024,Azerbaijan,Sumqayit,12.6,74,0,135,None,BSk,Mediterranean,Shrubland,12.6,,236,Autumn,22488,0,57
AZ_0160,10/10/2024,Azerbaijan,Baku,18.4,78,2.7,101,None,Csa,Semi-arid,Urban,18.4,2.5,283,Autumn,122776,0,64
AZ_0161,11/10/2024,Azerbaijan,Ganja,18.2,40,0,81,None,BSk,Semi-arid,Steppe,18.2,5.8,143,Autumn,33393,0,56
AZ_0162,2024-10-12,Azerbaijan,Sumqayit,13.0,67,0,88,None,BSk,Mediterranean,Shrubland,13.0,3.9,0,Autumn,22869,36714,47
AZ_0163,13/10/2024,Azerbaijan,Baku,13.8,69,0,95,None,Csa,Semi-arid,Shrubland,13.8,3.6,284,Autumn,202963,0,36
AZ_0164,14/10/2024,Azerbaijan,Ganja,14.3,61,0.7,95,None,Csa,Semi-arid,Shrubland,14.3,10.2,263,Autumn,24019,37028,41
AZ_0165,15/10/2024,Azerbaijan,Sumqayit,18.3,83,19.3,114,None,BSk,Semi-arid,Steppe,18.3,11.4,94,Autumn,31676,0,58
AZ_0166,16/10/2024,Azerbaijan,Baku,15.4,63,5.5,115,None,Csa,Mediterranean,Shrubland,15.4,5.0,48,Autumn,324834,0,40
AZ_0167,17/10/2024,Azerbaijan,Ganja,13.3,43,27.6,87,None,Csa,Mediterranean,Steppe,13.3,13.2,175,Autumn,32021,0,36
AZ_0168,18/10/2024,Azerbaijan,Sumqayit,,55,7.7,107,NA,Csa,Semi-arid,Urban,14.3,2.2,85,Autumn,45480,0,47
AZ_0169,19/10/2024,Azerbaijan,Baku,15.1,63,1.0,85,None,Csa,Mediterranean,Steppe,15.1,4.9,209,Autumn,"171,792",0,36
AZ_0170,20/10/2024,Azerbaijan,Ganja,12.0,82,4.7,91,None,BSk,Semi-arid,Urban,12.0,7.3,151,Autumn,21684,0,59
AZ_0171,21/10/2024,Azerbaijan,Sumqayit,14.9,85,NA,,None,Csa,Mediterranean,Steppe,,3.6,297,Autumn,21469,33224,48
AZ_0172,22/10/2024,Azerbaijan,Baku,18.6,67,7.4,90,None,Csa,Mediterranean,Steppe,18.6,12.5,127,Autumn,272854,0,54
AZ_0173,23/10/2024,Azerbaijan,Ganja,20.3,60,0,97,None,Csa,Semi-arid,Shrubland,20.3,2.1,272,Autumn,26964,0,56
AZ_0174,24/10/2024,Azerbaijan,Sumqayit,16.9,63,0,108,None,BSk,Mediterranean,Urban,16.9,2.2,301,Autumn,32213,15943,53
AZ_0175,25/10/2024,Azerbaijan,Baku,14.7,81,2.8,123,Flood,BSk,Semi-arid,Shrubland,14.7,7.1,122,Autumn,1001047,6258,63
AZ_0176,26/10/2024,Azerbaijan,Ganja,13.2,77,0,NA,None,BSk,Mediterranean,Steppe,,13.9,NA,Autumn,38700,0,49
AZ_0177,27/10/2024,Azerbaijan,Sumqayit,14.5,67,3.6,88,None,BSk,Mediterranean,Urban,14.5,9.6,293,Autumn,NA,0,62
AZ_0178,28/10/2024,Azerbaijan,Baku,17.1,97,NA,123,None,Csa,Semi-arid,Shrubland,17.1,11.7,293,Autumn,,0,56
AZ_0179,29/10/2024,Azerbaijan,Ganja,18.8,84,0.1,84,None,Csa,Mediterranean,Steppe,18.8,12.2,197,Autumn,44626,0,54
AZ_0180,30/10/2024,Azerbaijan,Sumqayit,12.1,96,0,77,None,BSk,Semi-arid,Urban,12.1,11.6,45,Autumn,41070,0,57
AZ_0181,31/10/2024,Azerbaijan,Baku,11.9,72,2.4,88,None,Csa,Mediterranean,Shrubland,11.9,6.3,178,Autumn,318583,9123,46
AZ_0182,1/11/2024,Azerbaijan,Ganja,16.2,65,3.6,69,None,BSk,Mediterranean,Shrubland,16.2,11.8,331,Autumn,38537,0,52
AZ_0183,2/11/2024,Azerbaijan,Sumqayit,13.1,60,0,95,None,BSk,Semi-arid,Steppe,13.1,10.0,108,Autumn,34816,14482,41
AZ_0184,3/11/2024,Azerbaijan,Baku,15.8,68,5.7,129,None,BSk,Semi-arid,Urban,15.8,8.0,65,Autumn,194861,0,56
AZ_0185,4/11/2024,Azerbaijan,Ganja,14.4,,0,61,None,BSk,Mediterranean,,14.4,2.8,329,Autumn,32730,0,44
AZ_0186,5/11/2024,Azerbaijan,Sumqayit,18.0,91,0.4,133,None,Csa,Semi-arid,Shrubland,18.0,NA,NA,Autumn,28293,0,59
AZ_0187,6/11/2024,Azerbaijan,Baku,17.5,74,4.9,100,None,BSk,Mediterranean,Steppe,17.5,9.2,134,Autumn,204048,0,50
AZ_0188,7/11/2024,Azerbaijan,Ganja,14.8,69,0,60,None,BSk,,Shrubland,14.8,2.9,167,Autumn,"32,902",0,47
AZ_0189,8/11/2024,Azerbaijan,Sumqayit,10.8,53,4.5,93,None,Csa,Semi-arid,Steppe,10.8,14.6,354,Autumn,20443,0,46
AZ_0190,9/11/2024,Azerbaijan,Baku,18.9,81,2.9,128,None,NA,Semi-arid,Urban,18.9,13.7,93,Autumn,341309,NA,54
AZ_0191,10/11/2024,Azerbaijan,Ganja,18.8,52,0,102,None,BSk,Semi-arid,Urban,18.8,4.8,8,Autumn,39884,0,57
AZ_0192,11/11/2024,Azerbaijan,Sumqayit,16.4,58,0,88,Cold Wave,Csa,Semi-arid,Steppe,16.4,4.2,51,Autumn,71180,2409200,59
AZ_0193,12/11/2024,Azerbaijan,Baku,19.1,96,0,87,None,Csa,Mediterranean,Urban,19.1,11.9,78,Autumn,221544,0,54
AZ_0194,13/11/2024,Azerbaijan,Ganja,17.9,57,10.0,82,None,Csa,Mediterranean,Urban,17.9,10.7,89,Autumn,43015,0,60
AZ_0195,2024-11-14,Azerbaijan,Sumqayit,10.9,77,0,109,None,Csa,Mediterranean,Urban,10.9,4.0,36,Autumn,25427,NA,43
AZ_0196,15/11/2024,Azerbaijan,Baku,19.1,65,9.3,91,Storm,BSk,Mediterranean,Shrubland,19.1,30.9,100,Autumn,"568,948","250,273",78
AZ_0197,16/11/2024,Azerbaijan,Ganja,NA,68,4.9,111,None,BSk,Mediterranean,Steppe,NA,10.2,91,Autumn,38933,0,64
AZ_0198,17/11/2024,Azerbaijan,Sumqayit,11.0,52,0,119,None,Csa,Semi-arid,Urban,11.0,6.8,185,Autumn,20878,0,63
AZ_0199,18/11/2024,Azerbaijan,Baku,18.5,76,2.0,81,,BSk,Semi-arid,Shrubland,18.5,7.1,306,Autumn,123546,0,45
AZ_0200,19/11/2024,Azerbaijan,Ganja,16.8,77,22.3,89,None,Csa,Mediterranean,Urban,16.8,6.5,264,Autumn,41315,0,35
AZ_0201,20/11/2024,Azerbaijan,Sumqayit,15.1,52,4.2,NA,Storm,Csa,Mediterranean,Shrubland,15.1,24.5,,Autumn,24742,NA,85
AZ_0202,21/11/2024,Azerbaijan,Baku,19.1,90,0,111,None,Csa,Mediterranean,Shrubland,19.1,9.7,242,Autumn,302206,0,52
AZ_0203,22/11/2024,Azerbaijan,Ganja,17.1,38,2.6,107,None,BSk,Semi-arid,Steppe,17.1,10.2,202,Autumn,47948,0,39
AZ_0204,23/11/2024,Azerbaijan,Sumqayit,19.4,90,9.4,121,None,BSk,Mediterranean,Shrubland,19.4,9.1,10,Autumn,20209,0,59
AZ_0205,24/11/2024,Azerbaijan,Baku,14.8,56,0,109,None,BSk,Mediterranean,Steppe,14.8,5.0,31,Autumn,238526,0,
AZ_0206,25/11/2024,Azerbaijan,Ganja,16.1,55,0,68,None,Csa,Mediterranean,Steppe,16.1,11.0,150,Autumn,27587,26697,54
AZ_0207,26/11/2024,Azerbaijan,Sumqayit,15.6,91,0,84,None,Csa,Mediterranean,Urban,15.6,2.1,134,Autumn,47225,0,46
AZ_0208,27/11/2024,Azerbaijan,Baku,13.3,97,0,123,None,Csa,Semi-arid,Shrubland,13.3,5.5,125,Autumn,224462,0,65
AZ_0208,27/11/2024,Azerbaijan,Baku,13.3,97,0,123,None,Csa,Semi-arid,Shrubland,13.3,5.5,125,Autumn,224462,0,65
AZ_0209,28/11/2024,Azerbaijan,Ganja,13.9,56,0,100,Flood,Csa,Mediterranean,Steppe,13.9,14.8,359,Autumn,42084,0,61
AZ_0210,2024-11-29,Azerbaijan,Sumqayit,20.5,52,0,81,None,Csa,Mediterranean,Shrubland,20.5,10.8,338,Autumn,19515,0,47
AZ_0211,30/11/2024,Azerbaijan,Baku,17.8,64,1.6,127,Flood,Csa,Mediterranean,Urban,17.8,11.4,194,Autumn,354158,11323,82
AZ_0212,1/12/2024,Azerbaijan,Ganja,1.6,51,0,104,None,NA,Mediterranean,Shrubland,1.6,5.5,38,Winter,32554,0,NA
AZ_0213,2/12/2024,Azerbaijan,Sumqayit,-0.9,54,0,127,None,Csa,Semi-arid,Steppe,-0.9,7.2,9,Winter,26862,29261,53
AZ_0214,3/12/2024,Azerbaijan,Baku,2.4,57,0,85,Flood,Csa,Mediterranean,Steppe,2.4,8.1,239,Winter,271295,27225,62
AZ_0215,4/12/2024,Azerbaijan,Ganja,5.5,59,1.7,102,None,BSk,Mediterranean,Shrubland,5.5,8.8,298,Winter,"46,956",0,63
AZ_0216,5/12/2024,Azerbaijan,Sumqayit,2.5,95,0,96,None,BSk,Semi-arid,Steppe,2.5,10.2,182,Winter,30465,0,39
AZ_0217,6/12/2024,Azerbaijan,Baku,-1.3,55,0,89,None,Csa,Mediterranean,Shrubland,-1.3,10.6,349,Winter,265500,49363,39
AZ_0218,7/12/2024,Azerbaijan,Ganja,2.2,65,0,98,Blizzard,BSk,Semi-arid,Shrubland,2.2,16.6,53,Winter,90982,0,93
AZ_0219,8/12/2024,Azerbaijan,Sumqayit,1.7,82,0,115,None,Csa,Semi-arid,Steppe,1.7,10.1,45,Winter,45183,0,44
AZ_0220,9/12/2024,Azerbaijan,Baku,0.6,59,5.4,89,Cold Wave,BSk,Semi-arid,Urban,0.6,13.5,167,Winter,567757,204495,79
AZ_0221,10/12/2024,Azerbaijan,Ganja,7.2,85,0,95,None,BSk,Mediterranean,Shrubland,7.2,11.3,55,Winter,45700,0,55
AZ_0222,11/12/2024,Azerbaijan,Sumqayit,4.5,51,0,98,None,BSk,Mediterranean,Urban,4.5,10.3,288,Winter,33875,16358,50
AZ_0223,12/12/2024,Azerbaijan,Baku,2.3,82,12.3,76,None,Csa,Mediterranean,Shrubland,2.3,2.7,184,Winter,144061,0,41
AZ_0224,13/12/2024,Azerbaijan,Ganja,1.6,NA,0,62,None,BSk,Semi-arid,Urban,1.6,7.0,NA,Winter,47166,0,56
AZ_0225,14/12/2024,Azerbaijan,Sumqayit,6.5,53,7.2,128,Flood,Csa,Mediterranean,Steppe,6.5,14.5,304,Winter,45482,76098,76
AZ_0226,15/12/2024,Azerbaijan,Baku,7.8,76,2.8,87,None,BSk,Mediterranean,Shrubland,7.8,NA,72,Winter,334297,0,NA
AZ_0227,16/12/2024,Azerbaijan,Ganja,0.2,50,0,58,None,BSk,Semi-arid,Shrubland,0.2,13.7,57,Winter,38286,0,41
AZ_0228,17/12/2024,Azerbaijan,Sumqayit,6.3,72,6.6,87,None,BSk,Mediterranean,Urban,6.3,13.6,350,Winter,50107,0,NA
AZ_0229,18/12/2024,Azerbaijan,Baku,1.0,92,24.0,97,Storm,Csa,Mediterranean,Urban,1.0,22.4,85,Winter,801951,50885,48
AZ_0230,19/12/2024,Azerbaijan,Ganja,6.8,84,0,56,Cold Wave,Csa,Semi-arid,Steppe,6.8,8.7,336,Winter,112286,28040,66
AZ_0231,20/12/2024,Azerbaijan,Sumqayit,6.7,98,0,79,None,Csa,Mediterranean,Urban,6.7,3.2,14,Winter,29740,0,50
AZ_0232,21/12/2024,Azerbaijan,Baku,3.1,50,0,102,None,Csa,Semi-arid,Shrubland,NA,,,Winter,147459,0,36
AZ_0233,22/12/2024,Azerbaijan,Ganja,NA,37,0,89,None,Csa,,Urban,6.2,5.2,360,Winter,17905,0,60
AZ_0234,23/12/2024,Azerbaijan,Sumqayit,6.7,69,0,133,None,Csa,Mediterranean,Steppe,6.7,12.2,124,Winter,22639,0,45
AZ_0235,24/12/2024,Azerbaijan,Baku,-0.6,59,0,105,None,BSk,Mediterranean,Shrubland,-0.6,4.0,85,Winter,187442,0,56
AZ_0236,25/12/2024,Azerbaijan,Ganja,3.1,55,0.5,110,None,BSk,Semi-arid,Shrubland,3.1,9.3,249,Winter,44337,18673,48
AZ_0237,26/12/2024,Azerbaijan,Sumqayit,1.2,58,43.6,91,Cold Wave,Csa,Semi-arid,Urban,1.2,4.0,48,Winter,155166,39844,81
AZ_0237,26/12/2024,Azerbaijan,Sumqayit,1.2,58,43.6,91,Cold Wave,Csa,Semi-arid,Urban,1.2,4.0,48,Winter,155166,39844,81
AZ_0238,27/12/2024,Azerbaijan,Baku,7.8,78,0,100,Storm,Csa,Semi-arid,Urban,7.8,19.1,240,Winter,755477,536190,65
AZ_0239,28/12/2024,Azerbaijan,Ganja,NA,38,0.9,62,None,BSk,Semi-arid,,-1.2,14.3,343,Winter,45288,0,
AZ_0240,29/12/2024,Azerbaijan,Sumqayit,3.8,86,5.7,106,Blizzard,BSk,Mediterranean,Shrubland,3.8,16.2,181,Winter,44225,1425790,93
AZ_0241,30/12/2024,Azerbaijan,Baku,4.9,54,5.5,82,None,Csa,Semi-arid,Shrubland,4.9,12.1,350,Winter,131113,0,63
AZ_0242,31/12/2024,Azerbaijan,Ganja,5.1,57,0,112,Cold Wave,Csa,Mediterranean,Urban,5.1,7.1,122,Winter,152003,39699,55
AZ_0243,1/1/2025,Azerbaijan,Sumqayit,2.7,90,0,101,None,BSk,Semi-arid,Steppe,2.7,4.6,292,Winter,18497,0,60
AZ_0244,2/1/2025,Azerbaijan,Baku,3.5,85,7.1,98,Flood,Csa,Mediterranean,Shrubland,3.5,13.2,36,Winter,372461,97013,56
AZ_0245,3/1/2025,Azerbaijan,Ganja,3.4,46,0,112,None,Csa,Semi-arid,Shrubland,3.4,9.4,192,Winter,40950,0,55
AZ_0246,4/1/2025,Azerbaijan,Sumqayit,4.6,56,23.6,110,None,Csa,Mediterranean,NA,4.6,9.7,175,Winter,48130,0,38
AZ_0246,4/1/2025,Azerbaijan,Sumqayit,4.6,56,23.6,110,None,Csa,Mediterranean,NA,4.6,9.7,175,Winter,48130,0,38
AZ_0247,5/1/2025,Azerbaijan,Baku,6.1,98,3.2,127,Flood,Csa,Semi-arid,Steppe,6.1,9.5,65,Winter,203256,86676,51
AZ_0248,6/1/2025,Azerbaijan,Ganja,1.0,48,0,89,Cold Wave,Csa,Mediterranean,Urban,1.0,11.1,303,Winter,82868,28589,54
AZ_0249,7/1/2025,Azerbaijan,Sumqayit,6.5,95,0,98,None,BSk,Mediterranean,Steppe,6.5,4.3,41,Winter,43032,0,45
AZ_0250,8/1/2025,Azerbaijan,Baku,6.3,77,6.6,87,None,BSk,Semi-arid,Shrubland,6.3,13.0,23,Winter,244339,37668,51
AZ_0251,9/1/2025,Azerbaijan,Ganja,7.4,82,0,102,Blizzard,Csa,Mediterranean,Shrubland,7.4,28.9,213,Winter,104905,199587,90
AZ_0252,2025-01-10,Azerbaijan,Sumqayit,2.1,99,33.0,128,None,BSk,Semi-arid,Steppe,2.1,14.2,91,Winter,40516,0,65
AZ_0253,11/1/2025,Azerbaijan,Baku,2.4,83,0,97,None,BSk,Semi-arid,Steppe,2.4,12.9,136,Winter,237568,0,47
AZ_0254,12/1/2025,Azerbaijan,Ganja,5.6,63,0.3,57,None,BSk,Semi-arid,Steppe,5.6,6.2,93,Winter,45408,0,46
AZ_0255,13/1/2025,Azerbaijan,Sumqayit,1.9,62,0,139,Cold Wave,BSk,Mediterranean,Steppe,1.9,10.0,88,Winter,89647,17929,78
AZ_0256,14/1/2025,Azerbaijan,Baku,7.4,57,19.6,84,None,Csa,Semi-arid,Steppe,7.4,NA,64,Winter,240043,0,36
AZ_0257,15/1/2025,Azerbaijan,Ganja,3.6,56,4.4,113,Blizzard,BSk,Mediterranean,Urban,3.6,30.3,61,Winter,47174,85719,43
AZ_0258,16/1/2025,Azerbaijan,Sumqayit,6.0,62,3.2,82,None,Csa,Semi-arid,Shrubland,6.0,10.6,326,Winter,39849,0,43
AZ_0259,17/1/2025,Azerbaijan,Baku,0.7,99,0,130,None,BSk,Semi-arid,Steppe,0.7,14.6,42,Winter,271919,31125,55
AZ_0260,2025-01-18,Azerbaijan,Ganja,0.3,75,0.5,62,None,Csa,Semi-arid,Shrubland,0.3,10.2,9,Winter,21340,0,65
AZ_0261,19/1/2025,Azerbaijan,Sumqayit,4.3,55,16.8,,None,BSk,Semi-arid,Urban,4.3,15.0,47,Winter,44485,0,61
AZ_0262,20/1/2025,Azerbaijan,Baku,1.5,57,9.9,102,None,BSk,Mediterranean,Steppe,1.5,4.5,61,Winter,253308,11870,49
AZ_0263,21/1/2025,Azerbaijan,Ganja,2.1,80,0.6,104,None,Csa,Semi-arid,Steppe,2.1,4.4,94,Winter,19964,0,36
AZ_0264,22/1/2025,Azerbaijan,Sumqayit,2.7,88,9.2,100,None,BSk,Mediterranean,Steppe,2.7,4.5,305,Winter,25647,0,64
AZ_0265,23/1/2025,Azerbaijan,Baku,3.1,62,0,79,None,Csa,Mediterranean,Urban,3.1,13.3,14,Winter,133239,0,39
AZ_0266,24/1/2025,Azerbaijan,Ganja,5.7,55,2.9,72,None,Csa,Semi-arid,Urban,5.7,2.1,71,Winter,47371,31803,44
AZ_0267,25/1/2025,Azerbaijan,Sumqayit,7.7,67,0,127,None,Csa,Mediterranean,Urban,7.7,6.2,89,Winter,35613,0,62
AZ_0268,26/1/2025,Azerbaijan,Baku,2.0,91,0,129,Cold Wave,Csa,Semi-arid,Steppe,2.0,8.0,139,Winter,623655,1894969,52
AZ_0269,27/1/2025,Azerbaijan,Ganja,NA,79,0,73,None,Csa,Mediterranean,Urban,6.6,2.5,1,Winter,41496,0,53
AZ_0270,28/1/2025,Azerbaijan,Sumqayit,5.7,63,0,92,None,Csa,Semi-arid,Urban,5.7,14.6,253,Winter,21808,0,41
AZ_0271,29/1/2025,Azerbaijan,Baku,3.8,58,0,91,None,Csa,Mediterranean,Steppe,3.8,5.2,152,Winter,209660,0,57
AZ_0272,30/1/2025,Azerbaijan,Ganja,2.9,53,4.3,67,None,BSk,Semi-arid,Urban,2.9,4.3,354,Winter,19851,5841,44
AZ_0273,31/1/2025,Azerbaijan,Sumqayit,7.5,52,0,82,None,Csa,Semi-arid,Steppe,7.5,10.5,288,Winter,31405,0,46
AZ_0274,1/2/2025,Azerbaijan,Baku,3.4,63,0,84,Storm,Csa,Mediterranean,Steppe,3.4,22.9,137,Winter,541301,0,57
AZ_0275,2/2/2025,Azerbaijan,Ganja,,51,1.4,109,None,Csa,Semi-arid,Steppe,2.4,7.4,329,,49074,0,51
AZ_0276,3/2/2025,Azerbaijan,Sumqayit,7.8,,0,128,None,BSk,Mediterranean,Shrubland,7.8,10.1,208,Winter,44572,0,41
AZ_0276,3/2/2025,Azerbaijan,Sumqayit,7.8,,0,128,None,BSk,Mediterranean,Shrubland,7.8,10.1,208,Winter,44572,0,41
AZ_0277,4/2/2025,Azerbaijan,Baku,NA,55,0,121,None,Csa,Semi-arid,Steppe,,13.6,99,Winter,331175,NA,41
AZ_0278,5/2/2025,Azerbaijan,Ganja,6.1,47,0,103,Cold Wave,Csa,Semi-arid,Urban,6.1,5.0,29,Winter,59499,81422,75
AZ_0279,6/2/2025,Azerbaijan,Sumqayit,8.7,77,5.0,116,None,BSk,Mediterranean,Urban,8.7,7.9,81,Winter,17660,48625,45
AZ_0280,7/2/2025,Azerbaijan,Baku,4.0,89,0,126,None,BSk,Mediterranean,Urban,4.0,4.4,35,Winter,141307,0,53
AZ_0280,7/2/2025,Azerbaijan,Baku,4.0,89,0,126,None,BSk,Mediterranean,Urban,4.0,4.4,35,Winter,141307,0,53
AZ_0281,8/2/2025,Azerbaijan,Ganja,6.0,77,13.0,95,None,,Mediterranean,,6.0,5.0,,Winter,30179,0,53
AZ_0282,9/2/2025,Azerbaijan,Sumqayit,8.2,89,2.0,111,None,BSk,Mediterranean,Urban,8.2,6.4,240,Winter,24721,0,47
AZ_0283,10/2/2025,Azerbaijan,Baku,2.0,64,42.9,127,None,Csa,Semi-arid,Urban,2.0,2.3,212,Winter,283012,0,44
AZ_0284,11/2/2025,Azerbaijan,Ganja,2.1,58,0,107,None,BSk,Mediterranean,Steppe,2.1,10.9,136,Winter,20632,12981,46
AZ_0285,12/2/2025,Azerbaijan,Sumqayit,5.5,79,0,133,None,BSk,Mediterranean,,5.5,2.1,196,Winter,31268,0,35
AZ_0286,13/2/2025,Azerbaijan,Baku,2.5,100,0,107,None,BSk,Semi-arid,Urban,2.5,11.4,307,Winter,218899,0,41
AZ_0287,14/2/2025,Azerbaijan,Ganja,4.3,53,0,105,None,BSk,Mediterranean,Shrubland,4.3,13.3,258,Winter,36120,0,56
AZ_0288,15/2/2025,Azerbaijan,Sumqayit,6.4,57,0,94,None,BSk,Semi-arid,Urban,6.4,2.7,33,Winter,40642,0,50
AZ_0289,16/2/2025,Azerbaijan,Baku,NA,97,0,110,None,NA,Mediterranean,Shrubland,3.5,14.0,NA,Winter,223715,0,52
AZ_0290,17/2/2025,Azerbaijan,Ganja,7.1,54,3.6,106,None,Csa,Semi-arid,Urban,7.1,8.5,39,Winter,28988,0,38
AZ_0291,18/2/2025,Azerbaijan,Sumqayit,2.2,91,0,126,Flood,Csa,Semi-arid,Shrubland,2.2,10.5,134,Winter,67003,0,79
AZ_0292,19/2/2025,Azerbaijan,Baku,7.8,88,0,113,None,Csa,,Shrubland,7.8,3.7,240,Winter,331484,0,56
AZ_0293,20/2/2025,Azerbaijan,Ganja,-0.8,60,4.7,97,None,BSk,Mediterranean,Urban,-0.8,7.7,99,Winter,23310,7489,42
AZ_0294,21/2/2025,Azerbaijan,Sumqayit,8.5,86,0,NA,None,Csa,Mediterranean,Steppe,8.5,6.1,43,Winter,24655,11769,51
AZ_0295,22/2/2025,Azerbaijan,Baku,1.6,92,2.8,131,None,BSk,Semi-arid,Urban,1.6,6.0,118,Winter,297008,0,55
AZ_0296,23/2/2025,Azerbaijan,Ganja,2.9,44,0,80,Storm,Csa,Mediterranean,Shrubland,2.9,18.0,199,Winter,"80,067",0,83
AZ_0297,2025-02-24,Azerbaijan,Sumqayit,2.9,58,0,124,None,Csa,Semi-arid,Shrubland,2.9,7.9,296,Winter,24219,0,51
AZ_0297,2025-02-24,Azerbaijan,Sumqayit,2.9,58,0,124,None,Csa,Semi-arid,Shrubland,2.9,7.9,296,Winter,24219,0,51
AZ_0298,25/2/2025,Azerbaijan,Baku,6.1,74,1.8,NA,None,Csa,Mediterranean,Urban,,12.8,317,,344129,0,57
AZ_0299,26/2/2025,Azerbaijan,Ganja,5.6,36,3.0,78,None,Csa,Semi-arid,Steppe,5.6,2.7,307,Winter,43975,0,59
AZ_0300,27/2/2025,Azerbaijan,Sumqayit,6.8,84,0,83,None,BSk,Mediterranean,Steppe,6.8,14.1,299,Winter,24839,0,59
AZ_0301,28/2/2025,Azerbaijan,Baku,8.5,96,0,87,None,Csa,Mediterranean,Urban,8.5,9.3,214,Winter,222004,0,50
AZ_0302,1/3/2025,Azerbaijan,Ganja,12.1,35,4.3,99,None,Csa,Mediterranean,Steppe,12.1,12.4,325,Spring,29016,0,60
AZ_0303,2/3/2025,Azerbaijan,Sumqayit,9.2,,0,86,None,Csa,Semi-arid,NA,9.2,14.8,0,,23615,0,51
AZ_0304,2025-03-03,Azerbaijan,Baku,9.1,60,0,89,None,Csa,Semi-arid,Steppe,9.1,9.2,274,Spring,176601,0,47
AZ_0305,4/3/2025,Azerbaijan,Ganja,15.0,53,2.9,101,None,Csa,Mediterranean,Urban,15.0,8.1,53,Spring,38507,0,45
AZ_0306,5/3/2025,Azerbaijan,Sumqayit,7.9,67,8.7,106,None,BSk,Semi-arid,Urban,7.9,7.7,NA,,34602,0,44
AZ_0307,6/3/2025,Azerbaijan,Baku,15.8,70,0,95,None,BSk,Semi-arid,Steppe,15.8,3.6,260,Spring,297273,0,53
AZ_0308,7/3/2025,Azerbaijan,Ganja,12.5,40,0,71,None,BSk,NA,Shrubland,12.5,14.7,66,Spring,23092,0,49
AZ_0309,8/3/2025,Azerbaijan,Sumqayit,9.1,97,3.0,109,None,BSk,Mediterranean,Steppe,9.1,12.5,257,Spring,"18,135",0,51
AZ_0310,9/3/2025,Azerbaijan,Baku,12.2,57,0,100,None,Csa,Semi-arid,Steppe,12.2,2.7,292,Spring,156562,0,37
AZ_0311,10/3/2025,Azerbaijan,Ganja,12.4,46,0,94,None,BSk,Mediterranean,Steppe,12.4,10.5,354,Spring,37154,10123,44
AZ_0312,11/3/2025,Azerbaijan,Sumqayit,12.0,84,0.4,93,None,BSk,Semi-arid,Shrubland,12.0,13.4,238,Spring,46767,0,45
AZ_0313,12/3/2025,Azerbaijan,Baku,9.4,,6.4,100,None,BSk,Mediterranean,Urban,9.4,6.8,82,Spring,253128,NA,52
AZ_0314,13/3/2025,Azerbaijan,Ganja,8.0,55,23.8,69,None,BSk,Mediterranean,Shrubland,8.0,5.1,84,Spring,19916,0,60
AZ_0315,14/3/2025,Azerbaijan,Sumqayit,12.5,97,0,119,None,BSk,Mediterranean,Urban,12.5,6.1,242,Spring,"46,707",0,48
AZ_0316,15/3/2025,Azerbaijan,Baku,15.1,67,0,88,None,Csa,Semi-arid,Shrubland,15.1,13.5,0,Spring,168103,16508,37
AZ_0317,16/3/2025,Azerbaijan,Ganja,12.7,38,3.2,69,None,NA,Mediterranean,Shrubland,12.7,8.5,275,Spring,NA,0,
AZ_0318,17/3/2025,Azerbaijan,Sumqayit,9.4,71,8.2,120,Flood,Csa,Mediterranean,Steppe,9.4,8.4,330,Spring,125940,85080,57
AZ_0318,17/3/2025,Azerbaijan,Sumqayit,9.4,71,8.2,120,Flood,Csa,Mediterranean,Steppe,9.4,8.4,330,Spring,125940,85080,57
AZ_0319,18/3/2025,Azerbaijan,Baku,12.6,96,0,110,None,Csa,Semi-arid,Steppe,12.6,7.1,12,Spring,305646,0,50
AZ_0320,19/3/2025,Azerbaijan,Ganja,11.8,48,0,107,None,BSk,Semi-arid,Urban,11.8,11.5,59,Spring,19576,33818,47
AZ_0321,20/3/2025,Azerbaijan,Sumqayit,11.0,64,3.6,87,None,BSk,Mediterranean,Shrubland,11.0,14.5,108,Spring,20016,3387,42
AZ_0322,21/3/2025,Azerbaijan,Baku,12.9,81,0.5,80,None,Csa,Semi-arid,Steppe,12.9,7.0,330,Spring,216449,38279,41
AZ_0323,22/3/2025,Azerbaijan,Ganja,14.9,81,2.9,63,None,BSk,Mediterranean,Steppe,14.9,4.4,84,Spring,21372,0,60
AZ_0324,23/3/2025,Azerbaijan,Sumqayit,8.7,95,0,106,None,BSk,Mediterranean,Steppe,8.7,14.2,245,Spring,43121,0,47
AZ_0325,24/3/2025,Azerbaijan,Baku,8.2,71,0,136,None,Csa,Semi-arid,Steppe,8.2,4.9,124,Spring,194934,0,36
AZ_0326,25/3/2025,Azerbaijan,Ganja,11.4,45,0,73,None,Csa,Mediterranean,Steppe,11.4,4.0,33,Spring,"40,894","2,498",
AZ_0327,26/3/2025,Azerbaijan,Sumqayit,6.3,58,2.8,115,None,BSk,Mediterranean,Steppe,6.3,5.3,179,Spring,29540,0,43
AZ_0328,27/3/2025,Azerbaijan,Baku,10.3,72,24.9,79,,Csa,Semi-arid,,,5.6,120,Spring,142175,0,59
AZ_0329,28/3/2025,Azerbaijan,Ganja,6.1,36,0,99,None,BSk,Mediterranean,Shrubland,6.1,5.4,286,Spring,21022,0,50
AZ_0330,29/3/2025,Azerbaijan,Sumqayit,10.2,71,0,138,None,BSk,Semi-arid,Shrubland,10.2,4.8,235,Spring,26607,0,42
AZ_0331,30/3/2025,Azerbaijan,Baku,13.3,58,7.2,101,None,Csa,Semi-arid,Steppe,13.3,3.2,15,Spring,305142,37887,44
AZ_0332,31/3/2025,Azerbaijan,Ganja,7.2,38,20.1,67,None,BSk,Semi-arid,Urban,7.2,4.1,9,Spring,34808,43795,38
AZ_0333,1/4/2025,Azerbaijan,Sumqayit,10.3,72,0,122,None,Csa,Mediterranean,Shrubland,10.3,4.0,188,Spring,26754,0,65
AZ_0334,2/4/2025,Azerbaijan,Baku,11.1,58,0,81,None,BSk,Semi-arid,Shrubland,11.1,13.2,46,Spring,218321,0,37
AZ_0335,3/4/2025,Azerbaijan,Ganja,9.3,78,2.7,85,None,Csa,Semi-arid,Shrubland,9.3,11.7,225,Spring,45387,27397,39
AZ_0336,4/4/2025,Azerbaijan,Sumqayit,7.0,94,0,132,None,Csa,Mediterranean,Shrubland,7.0,12.5,152,Spring,30971,0,57
AZ_0337,5/4/2025,Azerbaijan,Baku,12.4,56,0,120,None,Csa,Mediterranean,Shrubland,12.4,12.5,14,Spring,142621,0,36
AZ_0338,6/4/2025,Azerbaijan,Ganja,11.6,83,0,73,None,BSk,Semi-arid,Urban,11.6,7.8,6,Spring,24056,0,51
AZ_0339,7/4/2025,Azerbaijan,Sumqayit,10.3,64,0,98,Flood,BSk,Semi-arid,Steppe,10.3,2.5,104,Spring,79710,804428,59
AZ_0340,8/4/2025,Azerbaijan,Baku,11.0,64,0,136,Storm,BSk,Mediterranean,Shrubland,11.0,17.9,194,Spring,345930,28578,56
AZ_0341,9/4/2025,Azerbaijan,Ganja,10.0,40,0,114,None,Csa,Mediterranean,Shrubland,10.0,12.8,84,Spring,22547,0,41
AZ_0342,10/4/2025,Azerbaijan,Sumqayit,10.1,84,0,110,None,BSk,Mediterranean,Shrubland,10.1,7.2,187,Spring,26284,43974,36
AZ_0343,11/4/2025,Azerbaijan,Baku,8.3,72,1.2,79,None,BSk,Semi-arid,Steppe,8.3,8.9,132,Spring,156261,0,43
AZ_0344,12/4/2025,Azerbaijan,Ganja,15.1,76,0,90,None,Csa,Semi-arid,Urban,15.1,11.4,18,Spring,43409,0,44
AZ_0345,13/4/2025,Azerbaijan,Sumqayit,6.8,88,0,115,Storm,Csa,Mediterranean,Urban,6.8,29.2,317,Spring,90677,1240669,65
AZ_0346,14/4/2025,Azerbaijan,Baku,6.0,53,,104,None,BSk,Mediterranean,Shrubland,6.0,13.9,108,NA,167665,0,44
AZ_0347,15/4/2025,Azerbaijan,Ganja,13.7,49,0.8,76,None,Csa,Mediterranean,Steppe,13.7,14.6,115,NA,22557,0,51
AZ_0348,16/4/2025,Azerbaijan,Sumqayit,11.8,78,0,116,None,BSk,Mediterranean,Urban,11.8,7.7,166,Spring,50760,32605,60
AZ_0349,17/4/2025,Azerbaijan,Baku,15.5,91,0,115,Flood,Csa,Semi-arid,Urban,15.5,12.2,4,Spring,454955,906714,
AZ_0350,18/4/2025,Azerbaijan,Ganja,9.2,74,0,64,None,Csa,Semi-arid,Steppe,9.2,13.7,36,Spring,"39,582","42,500",50
AZ_0351,19/4/2025,Azerbaijan,Sumqayit,15.5,53,4.9,116,None,Csa,Mediterranean,Urban,15.5,5.1,228,Spring,31646,0,64
AZ_0352,20/4/2025,Azerbaijan,Baku,14.0,,0,115,None,BSk,Mediterranean,Steppe,14.0,3.6,,NA,294827,0,64
AZ_0353,21/4/2025,Azerbaijan,Ganja,12.3,80,0,61,None,Csa,Mediterranean,Urban,12.3,10.7,119,Spring,45477,0,47
AZ_0354,22/4/2025,Azerbaijan,Sumqayit,14.4,74,0,133,None,Csa,Mediterranean,Shrubland,14.4,11.8,219,Spring,34798,0,43
AZ_0355,23/4/2025,Azerbaijan,Baku,9.2,76,41.3,97,None,BSk,Mediterranean,Steppe,9.2,14.6,293,Spring,208511,0,60
AZ_0356,24/4/2025,Azerbaijan,Ganja,9.6,45,0,99,None,BSk,Semi-arid,Shrubland,9.6,11.2,21,Spring,41344,42781,50
AZ_0357,25/4/2025,Azerbaijan,Sumqayit,12.0,94,0,87,None,BSk,Semi-arid,Steppe,12.0,14.3,300,Spring,51034,19775,48
AZ_0358,26/4/2025,Azerbaijan,Baku,15.4,62,,101,None,BSk,Mediterranean,Steppe,15.4,2.1,146,Spring,284389,0,59
AZ_0359,27/4/2025,Azerbaijan,Ganja,13.8,80,0,118,None,BSk,Semi-arid,NA,13.8,9.4,33,Spring,27420,NA,44
AZ_0360,28/4/2025,Azerbaijan,Sumqayit,6.3,69,0,93,None,BSk,Mediterranean,Urban,6.3,7.0,147,Spring,27595,0,62
AZ_0361,29/4/2025,Azerbaijan,Baku,9.4,94,0,120,None,BSk,Mediterranean,Steppe,9.4,7.7,287,Spring,280415,20880,46
AZ_0362,30/4/2025,Azerbaijan,Ganja,8.9,63,0,104,None,BSk,Semi-arid,Urban,8.9,9.8,260,,38602,NA,54
AZ_0363,1/5/2025,Azerbaijan,Sumqayit,11.6,67,3.5,104,Flood,BSk,Mediterranean,Steppe,11.6,7.0,70,Spring,"102,378","1,548,281",45
AZ_0364,2/5/2025,Azerbaijan,Baku,15.0,80,12.0,98,None,Csa,Mediterranean,Steppe,15.0,13.9,327,Spring,287318,0,46
AZ_0365,3/5/2025,Azerbaijan,Ganja,10.7,60,3.8,62,None,Csa,Mediterranean,Shrubland,10.7,12.3,32,Spring,19999,0,60
AZ_0366,4/5/2025,Azerbaijan,Sumqayit,6.4,71,0,114,None,Csa,Semi-arid,Steppe,6.4,9.0,190,Spring,17337,0,40
AZ_0367,5/5/2025,Azerbaijan,Baku,11.7,67,0,103,None,BSk,Mediterranean,Shrubland,11.7,10.6,346,Spring,242588,26162,47
AZ_0368,6/5/2025,Azerbaijan,Ganja,15.9,68,0,112,NA,BSk,Mediterranean,Steppe,15.9,6.0,,Spring,39733,0,65
AZ_0369,7/5/2025,Azerbaijan,Sumqayit,10.9,52,1.3,93,None,Csa,Semi-arid,Urban,10.9,11.3,249,Spring,51451,0,39
AZ_0369,7/5/2025,Azerbaijan,Sumqayit,10.9,52,1.3,93,None,Csa,Semi-arid,Urban,10.9,11.3,249,Spring,51451,0,39
AZ_0370,8/5/2025,Azerbaijan,Baku,12.0,53,0,116,None,BSk,Mediterranean,Shrubland,12.0,3.3,20,Spring,146490,0,57
AZ_0371,9/5/2025,Azerbaijan,Ganja,15.4,79,0,92,None,BSk,Mediterranean,Shrubland,15.4,13.0,270,Spring,32547,0,37
AZ_0372,10/5/2025,Azerbaijan,Sumqayit,13.3,68,0,121,None,BSk,Semi-arid,Urban,13.3,13.2,96,Spring,21722,0,54
AZ_0373,11/5/2025,Azerbaijan,Baku,7.2,63,0,101,None,Csa,Semi-arid,Urban,7.2,7.0,87,Spring,336013,29193,57
AZ_0374,12/5/2025,Azerbaijan,Ganja,14.0,39,0,75,None,BSk,Mediterranean,Shrubland,14.0,8.9,155,Spring,44868,0,36
AZ_0375,13/5/2025,Azerbaijan,Sumqayit,12.0,65,0,108,None,BSk,Semi-arid,Steppe,12.0,10.0,169,Spring,32708,0,40
AZ_0376,14/5/2025,Azerbaijan,Baku,16.0,62,3.9,134,Storm,BSk,Semi-arid,Shrubland,16.0,31.5,324,Spring,778824,152644,66
AZ_0377,15/5/2025,Azerbaijan,Ganja,10.0,56,2.4,78,None,BSk,Mediterranean,Steppe,10.0,4.6,195,Spring,17272,0,47
AZ_0378,16/5/2025,Azerbaijan,Sumqayit,10.4,85,0,132,None,Csa,Semi-arid,Steppe,10.4,2.7,232,Spring,39980,0,63
AZ_0379,17/5/2025,Azerbaijan,Baku,13.0,69,0,116,None,Csa,Mediterranean,Shrubland,13.0,6.9,233,Spring,228113,39205,65
AZ_0380,18/5/2025,Azerbaijan,Ganja,14.0,49,0,88,None,BSk,Mediterranean,Shrubland,14.0,7.9,284,Spring,28130,0,42
AZ_0381,19/5/2025,Azerbaijan,Sumqayit,13.5,86,2.9,91,None,BSk,Semi-arid,Steppe,13.5,14.2,36,Spring,36068,0,53
AZ_0382,20/5/2025,Azerbaijan,Baku,9.4,75,0,139,None,Csa,Semi-arid,Steppe,9.4,11.8,279,Spring,312896,9414,54
AZ_0383,21/5/2025,Azerbaijan,Ganja,12.9,78,0,93,None,Csa,Semi-arid,Shrubland,12.9,7.8,4,Spring,49982,0,57
AZ_0384,22/5/2025,Azerbaijan,Sumqayit,16.0,94,4.6,94,None,Csa,Mediterranean,Shrubland,16.0,13.3,213,Spring,42262,0,64
AZ_0385,23/5/2025,Azerbaijan,Baku,10.8,67,0.9,105,None,Csa,Mediterranean,Shrubland,10.8,6.5,194,Spring,177516,0,42
AZ_0386,24/5/2025,Azerbaijan,Ganja,12.4,51,4.8,117,None,Csa,Mediterranean,Shrubland,12.4,12.9,285,Spring,47305,0,63
AZ_0387,25/5/2025,Azerbaijan,Sumqayit,7.9,93,0,105,None,BSk,Mediterranean,Shrubland,7.9,14.3,261,Spring,32855,46899,57
AZ_0388,26/5/2025,Azerbaijan,Baku,8.6,59,0,102,None,BSk,Mediterranean,Steppe,8.6,8.4,120,Spring,188444,0,46
AZ_0389,27/5/2025,Azerbaijan,Ganja,14.0,44,2.9,93,None,BSk,Mediterranean,Urban,14.0,14.6,127,Spring,24544,0,50
AZ_0390,28/5/2025,Azerbaijan,Sumqayit,13.8,83,0,134,Flood,BSk,Semi-arid,Steppe,13.8,3.9,172,Spring,51424,0,83
AZ_0391,29/5/2025,Azerbaijan,Baku,10.4,55,0.8,135,None,Csa,Semi-arid,Steppe,10.4,13.5,10,Spring,126081,0,55
AZ_0392,30/5/2025,Azerbaijan,Ganja,6.9,36,0,109,None,BSk,Mediterranean,Steppe,6.9,4.6,161,Spring,23885,5684,48
AZ_0393,31/5/2025,Azerbaijan,Sumqayit,6.6,59,0,118,None,BSk,Semi-arid,Urban,6.6,14.2,236,Spring,21114,0,46
AZ_0394,1/6/2025,Azerbaijan,Baku,33.3,93,36.3,136,Drought,Csa,Mediterranean,Urban,55,2.6,250,Summer,330116,1038675,72
AZ_0395,2/6/2025,Azerbaijan,Ganja,28.9,38,26.7,106,None,Csa,Mediterranean,Urban,28.3,2.0,315,Summer,50041,0,61
AZ_0396,3/6/2025,Azerbaijan,Sumqayit,29.6,88,0,124,None,Csa,Semi-arid,Urban,38.6,10.6,65,Summer,48771,0,44
AZ_0397,4/6/2025,Azerbaijan,Baku,34.3,52,0,102,None,BSk,Semi-arid,Shrubland,39.8,6.8,42,Summer,"158,675",0,37
AZ_0398,5/6/2025,Azerbaijan,Ganja,32.2,81,4.3,112,None,Csa,Semi-arid,Shrubland,45.5,14.4,NA,Summer,45921,0,43
AZ_0399,6/6/2025,Azerbaijan,Sumqayit,26.9,69,9.9,126,None,Csa,Semi-arid,Shrubland,26.9,12.7,3,Summer,18141,0,53
AZ_0400,7/6/2025,Azerbaijan,Baku,33.8,74,NA,127,Heatwave,BSk,Semi-arid,Shrubland,48.1,13.6,46,Summer,652910,93808,58
AZ_0401,8/6/2025,Azerbaijan,Ganja,27.2,49,0,119,None,Csa,Mediterranean,Shrubland,27.5,5.2,3,Summer,50231,0,43
AZ_0402,9/6/2025,Azerbaijan,Sumqayit,26.2,57,0,88,None,Csa,Semi-arid,Urban,26.2,5.0,305,Summer,49365,0,40
AZ_0403,10/6/2025,Azerbaijan,Baku,28.2,64,34.9,86,Storm,BSk,Mediterranean,Steppe,30.2,21.2,170,Summer,287567,332991,65
AZ_0404,11/6/2025,Azerbaijan,Ganja,33.3,62,3.7,73,None,BSk,Semi-arid,Steppe,41.1,8.9,256,Summer,34513,0,59
AZ_0405,2025-06-12,Azerbaijan,Sumqayit,32.1,52,3.7,113,None,Csa,Mediterranean,Steppe,35.0,5.2,257,Summer,27324,0,39
AZ_0406,13/6/2025,Azerbaijan,Baku,32.1,88,0,89,Drought,Csa,Semi-arid,Urban,48.4,9.4,338,Summer,648609,730491,62
AZ_0407,14/6/2025,Azerbaijan,Ganja,35.5,50,0,82,None,Csa,Mediterranean,Urban,41.9,11.3,144,Summer,49935,19364,59
AZ_0408,15/6/2025,Azerbaijan,Sumqayit,28.1,93,0,106,None,Csa,Semi-arid,Shrubland,34.6,3.9,2,Summer,22013,0,40
AZ_0409,16/6/2025,Azerbaijan,Baku,34.6,54,2.8,84,None,BSk,Mediterranean,Steppe,41.3,5.4,138,Summer,337487,0,37
AZ_0410,17/6/2025,Azerbaijan,Ganja,30.0,37,0,77,None,Csa,Mediterranean,Shrubland,29.4,14.8,219,Summer,42668,48204,38
AZ_0411,18/6/2025,Azerbaijan,Sumqayit,32.5,51,35.7,130,None,Csa,Semi-arid,Steppe,35.6,11.2,355,Summer,"36,281",0,56
AZ_0412,19/6/2025,Azerbaijan,Baku,35.7,NA,0,140,None,Csa,Semi-arid,Shrubland,55,9.6,5,Summer,123690,0,62
AZ_0413,20/6/2025,Azerbaijan,Ganja,29.3,51,25.4,103,None,BSk,Semi-arid,Shrubland,30.2,12.3,310,Summer,37222,39069,49
AZ_0414,21/6/2025,Azerbaijan,Sumqayit,27.5,91,0,100,None,BSk,Mediterranean,Urban,32.3,5.3,124,Summer,43694,0,55
AZ_0415,22/6/2025,Azerbaijan,Baku,26.8,77,NA,93,None,BSk,Semi-arid,Shrubland,26.8,,158,Summer,192956,,58
AZ_0416,23/6/2025,Azerbaijan,Ganja,29.6,61,0,86,None,Csa,Semi-arid,Urban,32.3,3.5,323,Summer,27197,0,35
AZ_0417,24/6/2025,Azerbaijan,Sumqayit,31.1,68,3.3,94,None,Csa,Mediterranean,Steppe,37.3,7.2,54,Summer,31026,0,48
AZ_0418,25/6/2025,Azerbaijan,Baku,29.0,92,52.8,139,None,BSk,Mediterranean,Shrubland,37.6,3.6,36,Summer,163147,27047,38
AZ_0419,2025-06-26,Azerbaijan,Ganja,27.1,44,0,80,None,BSk,Mediterranean,Steppe,27.2,14.9,108,Summer,43678,0,39
AZ_0420,27/6/2025,Azerbaijan,Sumqayit,28.9,85,0.8,112,None,Csa,Semi-arid,Steppe,35.6,3.7,204,Summer,40346,0,52
AZ_0421,28/6/2025,Azerbaijan,Baku,30.1,72,0,97,None,BSk,Semi-arid,Urban,,10.9,317,Summer,251498,0,36
AZ_0422,29/6/2025,Azerbaijan,Ganja,31.6,46,0,79,None,BSk,Mediterranean,Steppe,32.8,10.1,105,Summer,39453,49547,57
AZ_0423,30/6/2025,Azerbaijan,Sumqayit,33.6,61,10.0,134,None,Csa,Semi-arid,Shrubland,41.5,NA,329,Summer,33823,0,56
AZ_0424,1/7/2025,Azerbaijan,Baku,32.3,74,0,95,None,Csa,Mediterranean,Steppe,42.9,12.2,228,Summer,314038,3221,47
AZ_0425,2/7/2025,Azerbaijan,Ganja,31.7,53,1.7,99,Drought,Csa,Semi-arid,Shrubland,34.5,3.3,212,Summer,67670,2687784,80
AZ_0426,3/7/2025,Azerbaijan,Sumqayit,29.4,61,0,89,None,BSk,Semi-arid,Urban,31.9,4.4,119,Summer,31107,0,44
AZ_0427,4/7/2025,Azerbaijan,Baku,31.2,74,0,94,None,BSk,Mediterranean,Urban,39.4,7.0,345,Summer,136996,0,39
AZ_0428,5/7/2025,Azerbaijan,Ganja,,NA,0,79,None,Csa,NA,Steppe,38.4,4.0,275,Summer,30048,19206,56
AZ_0429,6/7/2025,Azerbaijan,Sumqayit,31.4,98,0,,None,BSk,Semi-arid,Shrubland,50.0,13.9,271,Summer,46688,21518,35
AZ_0430,7/7/2025,Azerbaijan,Baku,30.8,99,0,106,None,BSk,Semi-arid,Urban,47.6,5.3,349,Summer,270631,0,57
AZ_0431,8/7/2025,Azerbaijan,Ganja,33.7,40,0,84,Drought,BSk,Semi-arid,Urban,34.9,8.5,334,Summer,51187,1600369,55
AZ_0432,9/7/2025,Azerbaijan,Sumqayit,30.8,89,9.6,112,None,Csa,Semi-arid,Steppe,43.5,8.1,247,Summer,31364,0,64
AZ_0433,10/7/2025,Azerbaijan,Baku,32.7,80,0,140,None,BSk,Semi-arid,Urban,47.0,8.7,355,Summer,278021,0,65
AZ_0434,11/7/2025,Azerbaijan,Ganja,32.6,69,5.9,105,None,BSk,Mediterranean,Steppe,41.8,10.9,100,Summer,30766,39087,43
AZ_0435,12/7/2025,Azerbaijan,Sumqayit,28.1,66,0,103,None,,Mediterranean,Shrubland,30.3,3.2,287,Summer,NA,27905,46
AZ_0436,13/7/2025,Azerbaijan,Baku,30.7,94,0,98,None,BSk,Mediterranean,Steppe,45.0,2.8,124,Summer,156974,28642,51
AZ_0437,14/7/2025,Azerbaijan,Ganja,32.2,49,1.9,64,Heatwave,Csa,Mediterranean,Urban,34.5,2.9,127,Summer,168083,193601,34
AZ_0438,15/7/2025,Azerbaijan,Sumqayit,35.2,55,0,94,None,Csa,Mediterranean,Steppe,NA,5.2,201,Summer,"37,065",0,
AZ_0439,16/7/2025,Azerbaijan,Baku,32.7,94,6.1,102,Heatwave,BSk,Semi-arid,Urban,54.4,7.0,220,Summer,597944,174059,66
AZ_0440,17/7/2025,Azerbaijan,Ganja,28.3,63,0,83,None,BSk,Mediterranean,Urban,30.3,2.2,26,Summer,32511,30063,61
AZ_0441,18/7/2025,Azerbaijan,Sumqayit,32.9,83,2.3,114,None,Csa,Semi-arid,Urban,49.3,13.6,344,Summer,31130,0,36
AZ_0442,2025-07-19,Azerbaijan,Baku,28.6,84,0,130,Heatwave,BSk,Semi-arid,Urban,34.4,6.8,78,Summer,322265,463346,55
AZ_0443,20/7/2025,Azerbaijan,Ganja,33.8,62,0,102,None,Csa,Mediterranean,Steppe,42.5,10.8,224,Summer,28784,16752,45
AZ_0444,21/7/2025,Azerbaijan,Sumqayit,28.9,56,1.0,136,None,BSk,Mediterranean,Steppe,30.3,NA,277,Summer,17955,0,54
AZ_0445,22/7/2025,Azerbaijan,Baku,26.4,91,0,111,None,BSk,Mediterranean,Urban,26.4,5.7,157,Summer,337046,0,62
AZ_0446,23/7/2025,Azerbaijan,Ganja,31.6,72,3.9,66,None,Csa,Mediterranean,Urban,39.9,11.7,4,Summer,22154,0,60
AZ_0447,24/7/2025,Azerbaijan,Sumqayit,,85,0,90,None,BSk,Semi-arid,Shrubland,34.6,5.8,305,Summer,36122,,44
AZ_0448,25/7/2025,Azerbaijan,Baku,29.0,65,1.8,133,None,BSk,Semi-arid,Urban,31.8,11.7,108,Summer,205888,36798,55
AZ_0449,26/7/2025,Azerbaijan,Ganja,34.9,61,0,65,Heatwave,Csa,Mediterranean,Shrubland,45.2,13.4,94,Summer,89397,18694,60
AZ_0450,27/7/2025,Azerbaijan,Sumqayit,31.9,73,12.5,144,None,BSk,Semi-arid,Steppe,41.2,7.9,317,Summer,36717,0,37
AZ_0451,28/7/2025,Azerbaijan,Baku,28.6,83,0,133,None,Csa,Mediterranean,Steppe,34.2,4.0,114,Summer,209857,0,57
AZ_0452,29/7/2025,Azerbaijan,Ganja,36.3,56,0,85,None,Csa,Mediterranean,Urban,46.9,8.5,79,Summer,26809,0,55
AZ_0453,30/7/2025,Azerbaijan,Sumqayit,31.3,96,0,133,None,BSk,,Urban,48.6,7.2,200,NA,NA,0,48
AZ_0454,2025-07-31,Azerbaijan,Baku,31.4,67,0,104,None,NA,Mediterranean,Steppe,37.7,5.7,111,Summer,240920,0,64
AZ_0455,1/8/2025,Azerbaijan,Ganja,31.8,35,0,116,None,BSk,Semi-arid,Urban,31.2,5.4,,Summer,30880,0,61
AZ_0456,2/8/2025,Azerbaijan,Sumqayit,26.7,63,6.3,143,None,BSk,Mediterranean,Steppe,26.7,3.3,161,Summer,31240,0,48
AZ_0457,3/8/2025,Azerbaijan,Baku,32.6,67,21.8,99,None,BSk,Semi-arid,Shrubland,41.0,2.9,278,Summer,182040,0,52
AZ_0458,4/8/2025,Azerbaijan,Ganja,27.1,,9.2,63,None,Csa,Semi-arid,Steppe,30.0,9.2,42,Summer,37486,0,NA
AZ_0459,5/8/2025,Azerbaijan,Sumqayit,32.9,78,3.3,99,None,Csa,Semi-arid,Shrubland,46.8,5.9,87,Summer,41712,28529,45
AZ_0460,6/8/2025,Azerbaijan,Baku,33.1,56,35.2,137,None,Csa,Semi-arid,Steppe,38.4,12.2,241,Summer,148865,0,54
AZ_0461,7/8/2025,Azerbaijan,Ganja,30.7,57,0,108,None,BSk,Mediterranean,Steppe,33.5,11.0,119,Summer,32157,0,65
AZ_0462,8/8/2025,Azerbaijan,Sumqayit,32.7,59,45.7,101,Storm,Csa,Semi-arid,Urban,38.4,27.2,281,Summer,76307,17954,60
AZ_0463,9/8/2025,Azerbaijan,Baku,34.8,57,1.6,91,Storm,Csa,Semi-arid,Steppe,43.1,23.8,18,Summer,1039062,1362095,71
AZ_0464,10/8/2025,Azerbaijan,Ganja,27.8,55,0.2,,None,,Mediterranean,Steppe,28.7,2.3,210,Summer,23504,0,62
AZ_0465,11/8/2025,Azerbaijan,Sumqayit,34.9,73,0,104,Storm,Csa,Semi-arid,Steppe,51.7,31.1,169,Summer,120618,2368592,53
AZ_0466,12/8/2025,Azerbaijan,Baku,28.0,92,54.2,132,None,Csa,Mediterranean,Steppe,34.1,13.7,352,Summer,283996,42443,52
AZ_0467,13/8/2025,Azerbaijan,Ganja,33.1,84,0,118,Storm,BSk,Mediterranean,Steppe,50.6,22.6,235,Summer,"79,904","5,488",58
AZ_0468,14/8/2025,Azerbaijan,Sumqayit,32.6,75,25.7,129,None,BSk,Mediterranean,Steppe,44.3,10.0,76,Summer,31327,33209,50
AZ_0469,15/8/2025,Azerbaijan,Baku,31.0,63,0.3,122,None,BSk,Semi-arid,Shrubland,NA,,110,,316735,0,54
AZ_0470,16/8/2025,Azerbaijan,Ganja,35.6,84,3.4,70,None,Csa,Semi-arid,Shrubland,55,7.4,128,Summer,33850,0,35
AZ_0471,17/8/2025,Azerbaijan,Sumqayit,34.8,79,3.9,142,None,BSk,Semi-arid,Urban,55,4.8,189,Summer,41230,22496,35
AZ_0472,18/8/2025,Azerbaijan,Baku,28.8,61,0,133,None,BSk,Semi-arid,Steppe,30.8,14.9,322,Summer,331679,0,37
AZ_0473,19/8/2025,Azerbaijan,Ganja,31.7,79,0,73,None,Csa,Mediterranean,Urban,42.9,9.5,11,Summer,32052,0,37
AZ_0474,20/8/2025,Azerbaijan,Sumqayit,35.0,96,5.1,132,NA,Csa,,Steppe,55,7.0,211,NA,43665,0,63
AZ_0475,21/8/2025,Azerbaijan,Baku,34.8,59,0,85,None,Csa,Mediterranean,Urban,44.0,2.4,176,Summer,295264,0,56
AZ_0476,22/8/2025,Azerbaijan,Ganja,29.3,66,0,86,None,Csa,Mediterranean,Shrubland,32.6,13.7,331,Summer,20989,8864,65
AZ_0477,23/8/2025,Azerbaijan,Sumqayit,27.1,67,1.0,113,None,Csa,Mediterranean,Urban,28.8,10.4,271,Summer,20312,0,47
AZ_0478,24/8/2025,Azerbaijan,Baku,35.6,56,0,87,None,BSk,Mediterranean,Steppe,44.9,12.7,3,Summer,252542,0,61
AZ_0479,25/8/2025,Azerbaijan,Ganja,28.6,,0,90,None,BSk,Mediterranean,Shrubland,30.0,9.8,56,,17180,0,60
AZ_0480,26/8/2025,Azerbaijan,Sumqayit,27.2,NA,0,129,None,Csa,Semi-arid,Shrubland,31.4,7.1,12,,38617,0,64
AZ_0481,27/8/2025,Azerbaijan,Baku,34.6,76,0,NA,None,BSk,Mediterranean,Urban,52.3,9.1,291,Summer,184075,0,45
AZ_0482,28/8/2025,Azerbaijan,Ganja,28.4,78,0,84,None,BSk,Semi-arid,Urban,32.8,4.6,113,Summer,20979,0,35
AZ_0483,29/8/2025,Azerbaijan,Sumqayit,30.0,70,4.6,105,None,Csa,Mediterranean,Shrubland,35.0,13.2,171,Summer,40158,0,56
AZ_0484,30/8/2025,Azerbaijan,Baku,28.2,85,0,85,None,Csa,Semi-arid,Urban,33.5,14.5,200,Summer,336768,34360,47
AZ_0485,31/8/2025,Azerbaijan,Ganja,30.5,76,2.4,96,Heatwave,Csa,Mediterranean,Steppe,38.0,13.6,4,Summer,38855,105765,65
AZ_0486,1/9/2025,Azerbaijan,Sumqayit,18.7,53,0,98,Flood,BSk,Mediterranean,Steppe,18.7,2.7,356,Autumn,81175,169971,77
AZ_0487,2/9/2025,Azerbaijan,Baku,16.0,81,0,125,None,BSk,Semi-arid,Steppe,16.0,9.1,30,Autumn,214955,0,49
AZ_0488,3/9/2025,Azerbaijan,Ganja,19.8,NA,0,,None,Csa,Semi-arid,Steppe,19.8,5.2,174,Autumn,50157,,62
AZ_0489,4/9/2025,Azerbaijan,Sumqayit,20.8,63,NA,111,None,BSk,Mediterranean,Steppe,20.8,,73,Autumn,45377,,44
AZ_0490,5/9/2025,Azerbaijan,Baku,16.6,76,0,127,None,Csa,Semi-arid,Shrubland,16.6,3.8,135,Autumn,324020,13709,52
AZ_0491,6/9/2025,Azerbaijan,Ganja,16.4,74,0,91,None,,Mediterranean,Steppe,16.4,7.6,158,Autumn,"46,089","16,176",60
AZ_0492,7/9/2025,Azerbaijan,Sumqayit,17.5,76,0,93,None,Csa,Mediterranean,Shrubland,17.5,7.4,225,Autumn,44017,0,63
AZ_0493,8/9/2025,Azerbaijan,Baku,13.7,84,2.2,126,None,Csa,Semi-arid,Urban,13.7,7.0,23,Autumn,144762,27881,37
AZ_0494,9/9/2025,Azerbaijan,Ganja,15.9,37,3.6,99,None,BSk,Semi-arid,Shrubland,15.9,4.1,288,Autumn,50004,0,65
AZ_0495,10/9/2025,Azerbaijan,Sumqayit,13.0,89,0,128,None,Csa,Semi-arid,Shrubland,13.0,7.3,176,Autumn,39197,0,56
AZ_0496,11/9/2025,Azerbaijan,Baku,18.7,68,0,129,None,BSk,Semi-arid,Steppe,18.7,5.2,175,Autumn,"148,600",0,50
AZ_0497,12/9/2025,Azerbaijan,Ganja,16.1,66,0,81,None,Csa,Semi-arid,Urban,16.1,5.6,18,Autumn,31363,0,63
AZ_0498,13/9/2025,Azerbaijan,Sumqayit,13.2,52,35.9,113,None,BSk,Mediterranean,Urban,13.2,11.9,308,Autumn,40129,0,48
AZ_0499,14/9/2025,Azerbaijan,Baku,13.8,85,55.0,143,None,BSk,Mediterranean,Shrubland,13.8,10.3,335,Autumn,119092,0,62
AZ_0500,15/9/2025,Azerbaijan,Ganja,20.9,65,2.7,75,None,BSk,Semi-arid,Shrubland,20.9,14.1,145,Autumn,27753,0,38
